Neighborhood (group),Number of Records,Age,Chas,Crim,Dis,Indus,Lstat,Mv,Neighborhood,Nox,Ptratio,Rad,Rooms,Tax,Zn
GroupB,1,65.2,0,0.00632,4.09,2.31,4.98,24,Nahant,0.538,15.3,1,6.575,296,18
GroupA,1,78.9,0,0.02731,4.9671,7.07,9.14,21.6,Swampscott,0.469,17.8,2,6.421,242,0
GroupC,1,61.1,0,0.02729,4.9671,7.07,4.03,34.7,Swanpscott,0.469,17.8,2,7.185,242,0
GroupC,1,45.8,0,0.03237,6.0622,2.18,2.94,33.4,Marblehead,0.458,18.7,3,6.998,222,0
GroupC,1,54.2,0,0.06905,6.0622,2.18,5.33,36.2,Marblehead,0.458,18.7,3,7.147,222,0
GroupC,1,58.7,0,0.02985,6.0622,2.18,5.21,28.7,Marblehead,0.458,18.7,3,6.43,222,0
GroupE,1,66.6,0,0.08829,5.5605,7.87,12.43,22.9,Salem,0.524,15.2,5,6.012,311,12.5
GroupE,1,96.1,0,0.14455,5.9505,7.87,19.15,22.1,Salem,0.524,15.2,5,6.172,311,12.5
GroupE,1,100,0,0.21124,6.0821,7.87,29.93,16.5,Salem,0.524,15.2,5,5.631,311,12.5
GroupE,1,85.9,0,0.17004,6.5921,7.87,17.1,18.9,Salem,0.524,15.2,5,6.004,311,12.5
GroupE,1,94.3,0,0.22489,6.3467,7.87,20.45,15,Salem,0.524,15.2,5,6.377,311,12.5
GroupE,1,82.9,0,0.11747,6.2267,7.87,13.27,18.9,Salem,0.524,15.2,5,6.009,311,12.5
GroupE,1,39,0,0.09378,5.4509,7.87,15.71,21.7,Salem,0.524,15.2,5,5.889,311,12.5
GroupE,1,61.8,0,0.62976,4.7075,8.14,8.26,20.4,Lynn,0.538,21,4,5.949,307,0
GroupE,1,84.5,0,0.63796,4.4619,8.14,10.26,18.2,Lynn,0.538,21,4,6.096,307,0
GroupE,1,56.5,0,0.62739,4.4986,8.14,8.47,19.9,Lynn,0.538,21,4,5.834,307,0
GroupE,1,29.3,0,1.05393,4.4986,8.14,6.58,23.1,Lynn,0.538,21,4,5.935,307,0
GroupE,1,81.7,0,0.7842,4.2579,8.14,14.67,17.5,Lynn,0.538,21,4,5.99,307,0
GroupE,1,36.6,0,0.80271,3.7965,8.14,11.69,20.2,Lynn,0.538,21,4,5.456,307,0
GroupE,1,69.5,0,0.7258,3.7965,8.14,11.28,18.2,Lynn,0.538,21,4,5.727,307,0
GroupE,1,98.1,0,1.25179,3.7979,8.14,21.02,13.6,Lynn,0.538,21,4,5.57,307,0
GroupE,1,89.2,0,0.85204,4.0123,8.14,13.83,19.6,Lynn,0.538,21,4,5.965,307,0
GroupE,1,91.7,0,1.23247,3.9769,8.14,18.72,15.2,Lynn,0.538,21,4,6.142,307,0
GroupE,1,100,0,0.98843,4.0952,8.14,19.88,14.5,Lynn,0.538,21,4,5.813,307,0
GroupE,1,94.1,0,0.75026,4.3996,8.14,16.3,15.6,Lynn,0.538,21,4,5.924,307,0
GroupE,1,85.7,0,0.84054,4.4546,8.14,16.51,13.9,Lynn,0.538,21,4,5.599,307,0
GroupE,1,90.3,0,0.67191,4.682,8.14,14.81,16.6,Lynn,0.538,21,4,5.813,307,0
GroupE,1,88.8,0,0.95577,4.4534,8.14,17.28,14.8,Lynn,0.538,21,4,6.047,307,0
GroupE,1,94.4,0,0.77299,4.4547,8.14,12.8,18.4,Lynn,0.538,21,4,6.495,307,0
GroupE,1,87.3,0,1.00245,4.239,8.14,11.98,21,Lynn,0.538,21,4,6.674,307,0
GroupE,1,94.1,0,1.13081,4.233,8.14,22.6,12.7,Lynn,0.538,21,4,5.713,307,0
GroupE,1,100,0,1.35472,4.175,8.14,13.04,14.5,Lynn,0.538,21,4,6.072,307,0
GroupE,1,82,0,1.38799,3.99,8.14,27.71,13.2,Lynn,0.538,21,4,5.95,307,0
GroupE,1,95,0,1.15172,3.7872,8.14,18.35,13.1,Lynn,0.538,21,4,5.701,307,0
GroupE,1,96.9,0,1.61282,3.7598,8.14,20.34,13.5,Lynn,0.538,21,4,6.096,307,0
GroupA,1,68.2,0,0.06417,3.3603,5.96,9.68,18.9,Saugus,0.499,19.2,5,5.933,279,0
GroupA,1,61.4,0,0.09744,3.3779,5.96,11.41,20,Saugus,0.499,19.2,5,5.841,279,0
GroupA,1,41.5,0,0.08014,3.9342,5.96,8.77,21,Saugus,0.499,19.2,5,5.85,279,0
GroupA,1,30.2,0,0.17505,3.8473,5.96,10.13,24.2,Saugus,0.499,19.2,5,5.966,279,0
GroupC,1,21.8,0,0.02763,5.4011,2.95,4.32,30.8,Lynnfield,0.428,18.3,3,6.595,252,75
GroupC,1,15.8,0,0.03359,5.4011,2.95,1.98,34.9,Lynnfield,0.428,18.3,3,7.024,252,75
GroupA,1,2.9,0,0.12744,5.7209,6.91,4.84,26.6,Peabody,0.448,17.9,3,6.77,233,0
GroupA,1,6.6,0,0.1415,5.7209,6.91,5.81,25.3,Peabody,0.448,17.9,3,6.169,233,0
GroupA,1,6.5,0,0.15936,5.7209,6.91,7.44,24.7,Peabody,0.448,17.9,3,6.211,233,0
GroupA,1,40,0,0.12269,5.7209,6.91,9.55,21.2,Peabody,0.448,17.9,3,6.069,233,0
GroupA,1,33.8,0,0.17142,5.1004,6.91,10.21,19.3,Peabody,0.448,17.9,3,5.682,233,0
GroupA,1,33.3,0,0.18836,5.1004,6.91,14.15,20,Peabody,0.448,17.9,3,5.786,233,0
GroupA,1,85.5,0,0.22927,5.6894,6.91,18.8,16.6,Peabody,0.448,17.9,3,6.03,233,0
GroupA,1,95.3,0,0.25387,5.87,6.91,30.81,14.4,Peabody,0.448,17.9,3,5.399,233,0
GroupA,1,62,0,0.21977,6.0877,6.91,16.2,19.4,Peabody,0.448,17.9,3,5.602,233,0
GroupB,1,45.7,0,0.08873,6.8147,5.64,13.45,19.7,Danvers,0.439,16.8,4,5.963,243,21
GroupB,1,63,0,0.04337,6.8147,5.64,9.43,20.5,Danvers,0.439,16.8,4,6.115,243,21
GroupB,1,21.1,0,0.0536,6.8147,5.64,5.28,25,Danvers,0.439,16.8,4,6.511,243,21
GroupB,1,21.4,0,0.04981,6.8147,5.64,8.43,23.4,Danvers,0.439,16.8,4,5.998,243,21
GroupE,1,47.6,0,0.0136,7.3197,4,14.8,18.9,Middleton,0.41,21.1,3,5.888,469,75
GroupC,1,21.9,0,0.01311,8.6966,1.22,4.81,35.4,Topsfield,0.403,17.9,5,7.249,226,90
GroupB,1,35.7,0,0.02055,9.1876,0.74,5.77,24.7,Hamilton,0.41,17.3,2,6.383,313,85
GroupC,1,40.5,0,0.01432,8.3248,1.32,3.95,31.6,Wenham,0.411,15.1,5,6.816,256,100
GroupA,1,29.2,0,0.15445,7.8148,5.13,6.86,23.3,Beverly,0.453,19.7,8,6.145,284,25
GroupA,1,47.2,0,0.10328,6.932,5.13,9.22,19.6,Beverly,0.453,19.7,8,5.927,284,25
GroupA,1,66.2,0,0.14932,7.2254,5.13,13.15,18.7,Beverly,0.453,19.7,8,5.741,284,25
GroupA,1,93.4,0,0.17171,6.8185,5.13,14.44,16,Beverly,0.453,19.7,8,5.966,284,25
GroupA,1,67.8,0,0.11027,7.2255,5.13,6.73,22.2,Beverly,0.453,19.7,8,6.456,284,25
GroupA,1,43.4,0,0.1265,7.9809,5.13,9.5,25,Beverly,0.453,19.7,8,6.762,284,25
GroupC,1,59.5,0,0.01951,9.2229,1.38,8.05,33,Manchester,0.4161,18.6,3,7.104,216,17.5
GroupA,1,17.8,0,0.03584,6.6115,3.37,4.67,23.5,North_Reading,0.398,16.1,4,6.29,337,80
GroupA,1,31.1,0,0.04379,6.6115,3.37,10.24,19.4,North_Reading,0.398,16.1,4,5.787,337,80
GroupA,1,21.4,0,0.05789,6.498,6.07,8.1,22,Wilmington,0.409,18.9,4,5.878,345,12.5
GroupA,1,36.8,0,0.13554,6.498,6.07,13.09,17.4,Wilmington,0.409,18.9,4,5.594,345,12.5
GroupA,1,33,0,0.12816,6.498,6.07,8.79,20.9,Wilmington,0.409,18.9,4,5.885,345,12.5
GroupB,1,6.6,0,0.08826,5.2873,10.81,6.72,24.2,Burlington,0.413,19.2,4,6.417,305,0
GroupB,1,17.5,0,0.15876,5.2873,10.81,9.88,21.7,Burlington,0.413,19.2,4,5.961,305,0
GroupB,1,7.8,0,0.09164,5.2873,10.81,5.52,22.8,Burlington,0.413,19.2,4,6.065,305,0
GroupB,1,6.2,0,0.19539,5.2873,10.81,7.54,23.4,Burlington,0.413,19.2,4,6.245,305,0
GroupA,1,6,0,0.07896,4.2515,12.83,6.78,24.1,Woburn,0.437,18.7,5,6.273,398,0
GroupA,1,45,0,0.09512,4.5026,12.83,8.94,21.4,Woburn,0.437,18.7,5,6.286,398,0
GroupA,1,74.5,0,0.10153,4.0522,12.83,11.97,20,Woburn,0.437,18.7,5,6.279,398,0
GroupA,1,45.8,0,0.08707,4.0905,12.83,10.27,20.8,Woburn,0.437,18.7,5,6.14,398,0
GroupA,1,53.7,0,0.05646,5.0141,12.83,12.34,21.2,Woburn,0.437,18.7,5,6.232,398,0
GroupA,1,36.6,0,0.08387,4.5026,12.83,9.1,20.3,Woburn,0.437,18.7,5,5.874,398,0
GroupB,1,33.5,0,0.04113,5.4007,4.86,5.29,28,Reading,0.426,19,4,6.727,281,25
GroupB,1,70.4,0,0.04462,5.4007,4.86,7.22,23.9,Reading,0.426,19,4,6.619,281,25
GroupB,1,32.2,0,0.03659,5.4007,4.86,6.72,24.8,Reading,0.426,19,4,6.302,281,25
GroupB,1,46.7,0,0.03551,5.4007,4.86,7.51,22.9,Reading,0.426,19,4,6.167,281,25
GroupB,1,48,0,0.05059,4.7794,4.49,9.62,23.9,Wakefield,0.449,18.5,3,6.389,247,0
GroupB,1,56.1,0,0.05735,4.4377,4.49,6.53,26.6,Wakefield,0.449,18.5,3,6.63,247,0
GroupB,1,45.1,0,0.05188,4.4272,4.49,12.86,22.5,Wakefield,0.449,18.5,3,6.015,247,0
GroupB,1,56.8,0,0.07151,3.7476,4.49,8.44,22.2,Wakefield,0.449,18.5,3,6.121,247,0
GroupB,1,86.3,0,0.0566,3.4217,3.41,5.5,23.6,Melrose,0.489,17.8,2,7.007,270,0
GroupB,1,63.1,0,0.05302,3.4145,3.41,5.7,28.7,Melrose,0.489,17.8,2,7.079,270,0
GroupB,1,66.1,0,0.04684,3.0923,3.41,8.81,22.6,Melrose,0.489,17.8,2,6.417,270,0
GroupB,1,73.9,0,0.03932,3.0921,3.41,8.2,22,Melrose,0.489,17.8,2,6.405,270,0
GroupB,1,53.6,0,0.04203,3.6659,15.04,8.16,22.9,Stoneham,0.464,18.2,4,6.442,270,28
GroupB,1,28.9,0,0.02875,3.6659,15.04,6.21,25,Stoneham,0.464,18.2,4,6.211,270,28
GroupB,1,77.3,0,0.04294,3.615,15.04,10.59,20.6,Stoneham,0.464,18.2,4,6.249,270,28
GroupC,1,57.8,0,0.12204,3.4952,2.89,6.65,28.4,Winchester,0.445,18,2,6.625,276,0
GroupC,1,69.6,0,0.11504,3.4952,2.89,11.34,21.4,Winchester,0.445,18,2,6.163,276,0
GroupC,1,76,0,0.12083,3.4952,2.89,4.21,38.7,Winchester,0.445,18,2,8.069,276,0
GroupC,1,36.9,0,0.08187,3.4952,2.89,3.57,43.8,Winchester,0.445,18,2,7.82,276,0
GroupC,1,62.5,0,0.0686,3.4952,2.89,6.19,33.2,Winchester,0.445,18,2,7.416,276,0
GroupA,1,79.9,0,0.14866,2.7778,8.56,9.42,27.5,Medford,0.52,20.9,5,6.727,384,0
GroupA,1,71.3,0,0.11432,2.8561,8.56,7.67,26.5,Medford,0.52,20.9,5,6.781,384,0
GroupA,1,85.4,0,0.22876,2.7147,8.56,10.63,18.6,Medford,0.52,20.9,5,6.405,384,0
GroupA,1,87.4,0,0.21161,2.7147,8.56,13.44,19.3,Medford,0.52,20.9,5,6.137,384,0
GroupA,1,90,0,0.1396,2.421,8.56,12.33,20.1,Medford,0.52,20.9,5,6.167,384,0
GroupA,1,96.7,0,0.13262,2.1069,8.56,16.47,19.5,Medford,0.52,20.9,5,5.851,384,0
GroupA,1,91.9,0,0.1712,2.211,8.56,18.66,19.5,Medford,0.52,20.9,5,5.836,384,0
GroupA,1,85.2,0,0.13117,2.1224,8.56,14.09,20.4,Medford,0.52,20.9,5,6.127,384,0
GroupA,1,97.1,0,0.12802,2.4329,8.56,12.27,19.8,Medford,0.52,20.9,5,6.474,384,0
GroupA,1,91.2,0,0.26363,2.5451,8.56,15.55,19.4,Medford,0.52,20.9,5,6.229,384,0
GroupA,1,54.4,0,0.10793,2.7778,8.56,13,21.7,Medford,0.52,20.9,5,6.195,384,0
GroupE,1,81.6,0,0.10084,2.6775,10.01,10.16,22.8,Malden,0.547,17.8,6,6.715,432,0
GroupE,1,92.9,0,0.12329,2.3534,10.01,16.21,18.8,Malden,0.547,17.8,6,5.913,432,0
GroupE,1,95.4,0,0.22212,2.548,10.01,17.09,18.7,Malden,0.547,17.8,6,6.092,432,0
GroupE,1,84.2,0,0.14231,2.2565,10.01,10.45,18.5,Malden,0.547,17.8,6,6.254,432,0
GroupE,1,88.2,0,0.17134,2.4631,10.01,15.76,18.3,Malden,0.547,17.8,6,5.928,432,0
GroupE,1,72.5,0,0.13158,2.7301,10.01,12.04,21.2,Malden,0.547,17.8,6,6.176,432,0
GroupE,1,82.6,0,0.15098,2.7474,10.01,10.3,19.2,Malden,0.547,17.8,6,6.021,432,0
GroupE,1,73.1,0,0.13058,2.4775,10.01,15.37,20.4,Malden,0.547,17.8,6,5.872,432,0
GroupE,1,65.2,0,0.14476,2.7592,10.01,13.61,19.3,Malden,0.547,17.8,6,5.731,432,0
GroupA,1,69.7,0,0.06899,2.2577,25.65,14.37,22,Everett,0.581,19.1,2,5.87,188,0
GroupA,1,84.1,0,0.07165,2.1974,25.65,14.27,20.3,Everett,0.581,19.1,2,6.004,188,0
GroupA,1,92.9,0,0.09299,2.0869,25.65,17.93,20.5,Everett,0.581,19.1,2,5.961,188,0
GroupA,1,97,0,0.15038,1.9444,25.65,25.41,17.3,Everett,0.581,19.1,2,5.856,188,0
GroupA,1,95.8,0,0.09849,2.0063,25.65,17.58,18.8,Everett,0.581,19.1,2,5.879,188,0
GroupA,1,88.4,0,0.16902,1.9929,25.65,14.81,21.4,Everett,0.581,19.1,2,5.986,188,0
GroupA,1,95.6,0,0.38735,1.7572,25.65,27.26,15.7,Everett,0.581,19.1,2,5.613,188,0
GroupE,1,96,0,0.25915,1.7883,21.89,17.19,16.2,Somerville,0.624,21.2,4,5.693,437,0
GroupE,1,98.8,0,0.32543,1.8125,21.89,15.39,18,Somerville,0.624,21.2,4,6.431,437,0
GroupE,1,94.7,0,0.88125,1.9799,21.89,18.34,14.3,Somerville,0.624,21.2,4,5.637,437,0
GroupE,1,98.9,0,0.34006,2.1185,21.89,12.6,19.2,Somerville,0.624,21.2,4,6.458,437,0
GroupE,1,97.7,0,1.19294,2.271,21.89,12.26,19.6,Somerville,0.624,21.2,4,6.326,437,0
GroupE,1,97.9,0,0.59005,2.3274,21.89,11.12,23,Somerville,0.624,21.2,4,6.372,437,0
GroupE,1,95.4,0,0.32982,2.4699,21.89,15.03,18.4,Somerville,0.624,21.2,4,5.822,437,0
GroupE,1,98.4,0,0.97617,2.346,21.89,17.31,15.6,Somerville,0.624,21.2,4,5.757,437,0
GroupE,1,98.2,0,0.55778,2.1107,21.89,16.96,18.1,Somerville,0.624,21.2,4,6.335,437,0
GroupE,1,93.5,0,0.32264,1.9669,21.89,16.9,17.4,Somerville,0.624,21.2,4,5.942,437,0
GroupE,1,98.4,0,0.35233,1.8498,21.89,14.59,17.1,Somerville,0.624,21.2,4,6.454,437,0
GroupE,1,98.2,0,0.2498,1.6686,21.89,21.32,13.3,Somerville,0.624,21.2,4,5.857,437,0
GroupE,1,97.9,0,0.54452,1.6687,21.89,18.46,17.8,Somerville,0.624,21.2,4,6.151,437,0
GroupE,1,93.6,0,0.2909,1.6119,21.89,24.16,14,Somerville,0.624,21.2,4,6.174,437,0
GroupE,1,100,0,1.62864,1.4394,21.89,34.41,14.4,Somerville,0.624,21.2,4,5.019,437,0
GroupE,1,100,1,3.32105,1.3216,19.58,26.82,13.4,Cambridge,0.871,14.7,5,5.403,403,0
GroupE,1,100,0,4.0974,1.4118,19.58,26.42,15.6,Cambridge,0.871,14.7,5,5.468,403,0
GroupE,1,97.8,0,2.77974,1.3459,19.58,29.29,11.8,Cambridge,0.871,14.7,5,4.903,403,0
GroupE,1,100,0,2.37934,1.4191,19.58,27.8,13.8,Cambridge,0.871,14.7,5,6.13,403,0
GroupE,1,100,0,2.15505,1.5166,19.58,16.65,15.6,Cambridge,0.871,14.7,5,5.628,403,0
GroupE,1,95.7,0,2.36862,1.4608,19.58,29.53,14.6,Cambridge,0.871,14.7,5,4.926,403,0
GroupE,1,93.8,0,2.33099,1.5296,19.58,28.32,17.8,Cambridge,0.871,14.7,5,5.186,403,0
GroupE,1,94.9,0,2.73397,1.5257,19.58,21.45,15.4,Cambridge,0.871,14.7,5,5.597,403,0
GroupE,1,97.3,0,1.6566,1.618,19.58,14.1,21.5,Cambridge,0.871,14.7,5,6.122,403,0
GroupE,1,100,0,1.49632,1.5916,19.58,13.28,19.6,Cambridge,0.871,14.7,5,5.404,403,0
GroupE,1,88,1,1.12658,1.6102,19.58,12.12,15.3,Cambridge,0.871,14.7,5,5.012,403,0
GroupE,1,98.5,0,2.14918,1.6232,19.58,15.79,19.4,Cambridge,0.871,14.7,5,5.709,403,0
GroupE,1,96,1,1.41385,1.7494,19.58,15.12,17,Cambridge,0.871,14.7,5,6.129,403,0
GroupE,1,82.6,1,3.53501,1.7455,19.58,15.02,15.6,Cambridge,0.871,14.7,5,6.152,403,0
GroupE,1,94,0,2.44668,1.7364,19.58,16.14,13.1,Cambridge,0.871,14.7,5,5.272,403,0
GroupE,1,97.4,0,1.22358,1.8773,19.58,4.59,41.3,Cambridge,0.605,14.7,5,6.943,403,0
GroupE,1,100,0,1.34284,1.7573,19.58,6.43,24.3,Cambridge,0.605,14.7,5,6.066,403,0
GroupE,1,100,0,1.42502,1.7659,19.58,7.39,23.3,Cambridge,0.871,14.7,5,6.51,403,0
GroupE,1,92.6,1,1.27346,1.7984,19.58,5.5,27,Cambridge,0.605,14.7,5,6.25,403,0
GroupE,1,90.8,0,1.46336,1.9709,19.58,1.73,50,Cambridge,0.605,14.7,5,7.489,403,0
GroupE,1,98.2,1,1.83377,2.0407,19.58,1.92,50,Cambridge,0.605,14.7,5,7.802,403,0
GroupE,1,93.9,1,1.51902,2.162,19.58,3.32,50,Cambridge,0.605,14.7,5,8.375,403,0
GroupE,1,91.8,0,2.24236,2.422,19.58,11.64,22.7,Cambridge,0.605,14.7,5,5.854,403,0
GroupE,1,93,0,2.924,2.2834,19.58,9.81,25,Cambridge,0.605,14.7,5,6.101,403,0
GroupE,1,96.2,0,2.01019,2.0459,19.58,3.7,50,Cambridge,0.605,14.7,5,7.929,403,0
GroupE,1,79.2,0,1.80028,2.4259,19.58,12.14,23.8,Cambridge,0.605,14.7,5,5.877,403,0
GroupE,1,96.1,0,2.3004,2.1,19.58,11.1,23.8,Cambridge,0.605,14.7,5,6.319,403,0
GroupE,1,95.2,0,2.44953,2.2625,19.58,11.32,22.3,Cambridge,0.605,14.7,5,6.402,403,0
GroupE,1,94.6,0,1.20742,2.4259,19.58,14.43,17.4,Cambridge,0.605,14.7,5,5.875,403,0
GroupE,1,97.3,0,2.3139,2.3887,19.58,12.03,19.1,Cambridge,0.605,14.7,5,5.88,403,0
GroupB,1,88.5,0,0.13914,2.5961,4.05,14.69,23.1,Arlington,0.51,16.6,5,5.572,296,0
GroupB,1,84.1,0,0.09178,2.6463,4.05,9.04,23.6,Arlington,0.51,16.6,5,6.416,296,0
GroupB,1,68.7,0,0.08447,2.7019,4.05,9.64,22.6,Arlington,0.51,16.6,5,5.859,296,0
GroupB,1,33.1,0,0.06664,3.1323,4.05,5.33,29.4,Arlington,0.51,16.6,5,6.546,296,0
GroupB,1,47.2,0,0.07022,3.5549,4.05,10.11,23.2,Arlington,0.51,16.6,5,6.02,296,0
GroupB,1,73.4,0,0.05425,3.3175,4.05,6.29,24.6,Arlington,0.51,16.6,5,6.315,296,0
GroupB,1,74.4,0,0.06642,2.9153,4.05,6.92,29.9,Arlington,0.51,16.6,5,6.86,296,0
GroupC,1,58.4,0,0.0578,2.829,2.46,5.04,37.2,Belmont,0.488,17.8,3,6.98,193,0
GroupC,1,83.3,0,0.06588,2.741,2.46,7.56,39.8,Belmont,0.488,17.8,3,7.765,193,0
GroupC,1,62.2,0,0.06888,2.5979,2.46,9.45,36.2,Belmont,0.488,17.8,3,6.144,193,0
GroupC,1,92.2,0,0.09103,2.7006,2.46,4.82,37.9,Belmont,0.488,17.8,3,7.155,193,0
GroupC,1,95.6,0,0.10008,2.847,2.46,5.68,32.5,Belmont,0.488,17.8,3,6.563,193,0
GroupC,1,89.8,0,0.08308,2.9879,2.46,13.98,26.4,Belmont,0.488,17.8,3,5.604,193,0
GroupC,1,68.8,0,0.06047,3.2797,2.46,13.15,29.6,Belmont,0.488,17.8,3,6.153,193,0
GroupC,1,53.6,0,0.05602,3.1992,2.46,4.45,50,Belmont,0.488,17.8,3,7.831,193,0
GroupC,1,41.1,0,0.07875,3.7886,3.44,6.68,32,Lexington,0.437,15.2,5,6.782,398,45
GroupC,1,29.1,0,0.12579,4.5667,3.44,4.56,29.8,Lexington,0.437,15.2,5,6.556,398,45
GroupC,1,38.9,0,0.0837,4.5667,3.44,5.39,34.9,Lexington,0.437,15.2,5,7.185,398,45
GroupC,1,21.5,0,0.09068,6.4798,3.44,5.1,33,Lexington,0.437,15.2,5,6.951,398,45
GroupC,1,30.8,0,0.06911,6.4798,3.44,4.69,30.5,Lexington,0.437,15.2,5,6.739,398,45
GroupC,1,26.3,0,0.08664,6.4798,3.44,2.87,36.4,Lexington,0.437,15.2,5,7.178,398,45
GroupC,1,9.9,0,0.02187,6.2196,2.93,5.03,31.1,Bedford,0.401,15.6,1,6.8,265,60
GroupC,1,18.8,0,0.01439,6.2196,2.93,4.38,29.1,Bedford,0.401,15.6,1,6.604,265,60
GroupD,1,32,0,0.01381,5.6484,0.46,2.97,50,Lincoln,0.422,14.4,4,7.875,255,80
GroupC,1,34.1,0,0.04011,7.309,1.52,4.08,33.3,Concord,0.404,12.6,2,7.287,329,80
GroupC,1,36.6,0,0.04666,7.309,1.52,8.61,30.3,Concord,0.404,12.6,2,7.107,329,80
GroupC,1,38.3,0,0.03768,7.309,1.52,6.62,34.6,Concord,0.404,12.6,2,7.274,329,80
GroupC,1,15.3,0,0.0315,7.6534,1.47,4.56,34.9,Sudbury,0.403,17,3,6.975,402,95
GroupC,1,13.9,0,0.01778,7.6534,1.47,4.45,32.9,Sudbury,0.403,17,3,7.135,402,95
GroupC,1,38.4,0,0.03445,6.27,2.03,7.43,24.1,Wayland,0.415,14.7,2,6.162,348,82.5
GroupC,1,15.7,0,0.02177,6.27,2.03,3.11,42.3,Wayland,0.415,14.7,2,7.61,348,82.5
GroupD,1,33.2,0,0.0351,5.118,2.68,3.81,48.5,Weston,0.4161,14.7,4,7.853,224,95
GroupD,1,31.9,0,0.02009,5.118,2.68,2.88,50,Weston,0.4161,14.7,4,8.034,224,95
GroupB,1,22.3,0,0.13642,3.9454,10.59,10.87,22.6,Waltham,0.489,18.6,4,5.891,277,0
GroupB,1,52.5,0,0.22969,4.3549,10.59,10.97,24.4,Waltham,0.489,18.6,4,6.326,277,0
GroupB,1,72.7,0,0.25199,4.3549,10.59,18.06,22.5,Waltham,0.489,18.6,4,5.783,277,0
GroupB,1,59.1,1,0.13587,4.2392,10.59,14.66,24.4,Waltham,0.489,18.6,4,6.064,277,0
GroupB,1,100,1,0.43571,3.875,10.59,23.09,20,Waltham,0.489,18.6,4,5.344,277,0
GroupB,1,92.1,1,0.17446,3.8771,10.59,17.27,21.7,Waltham,0.489,18.6,4,5.96,277,0
GroupB,1,88.6,1,0.37578,3.665,10.59,23.98,19.3,Waltham,0.489,18.6,4,5.404,277,0
GroupB,1,53.8,1,0.21719,3.6526,10.59,16.03,22.4,Waltham,0.489,18.6,4,5.807,277,0
GroupB,1,32.3,0,0.14052,3.9454,10.59,9.38,28.1,Waltham,0.489,18.6,4,6.375,277,0
GroupB,1,9.8,0,0.28955,3.5875,10.59,29.55,23.7,Waltham,0.489,18.6,4,5.412,277,0
GroupB,1,42.4,0,0.19802,3.9454,10.59,9.47,25,Waltham,0.489,18.6,4,6.182,277,0
GroupB,1,56,1,0.0456,3.1121,13.89,13.51,23.3,Watertown,0.55,16.4,5,5.888,276,0
GroupB,1,85.1,0,0.07013,3.4211,13.89,9.69,28.7,Watertown,0.55,16.4,5,6.642,276,0
GroupB,1,93.8,1,0.11069,2.8893,13.89,17.92,21.5,Watertown,0.55,16.4,5,5.951,276,0
GroupB,1,92.4,1,0.11425,3.3633,13.89,10.5,23,Watertown,0.55,16.4,5,6.373,276,0
GroupC,1,88.5,1,0.35809,2.8617,6.2,9.71,26.7,Newton,0.507,17.4,8,6.951,307,0
GroupC,1,91.3,1,0.40771,3.048,6.2,21.46,21.7,Newton,0.507,17.4,8,6.164,307,0
GroupC,1,77.7,1,0.62356,3.2721,6.2,9.93,27.5,Newton,0.507,17.4,8,6.879,307,0
GroupC,1,80.8,0,0.6147,3.2721,6.2,7.6,30.1,Newton,0.507,17.4,8,6.618,307,0
GroupC,1,78.3,0,0.31533,2.8944,6.2,4.14,44.8,Newton,0.504,17.4,8,8.266,307,0
GroupC,1,83,0,0.52693,2.8944,6.2,4.63,50,Newton,0.504,17.4,8,8.725,307,0
GroupC,1,86.5,0,0.38214,3.2157,6.2,3.13,37.6,Newton,0.504,17.4,8,8.04,307,0
GroupC,1,79.9,0,0.41238,3.2157,6.2,6.36,31.6,Newton,0.504,17.4,8,7.163,307,0
GroupC,1,17,0,0.29819,3.3751,6.2,3.92,46.7,Newton,0.504,17.4,8,7.686,307,0
GroupC,1,21.4,0,0.44178,3.3751,6.2,3.76,31.5,Newton,0.504,17.4,8,6.552,307,0
GroupC,1,68.1,0,0.537,3.6715,6.2,11.65,24.3,Newton,0.504,17.4,8,5.981,307,0
GroupC,1,76.9,0,0.46296,3.6715,6.2,5.25,31.7,Newton,0.504,17.4,8,7.412,307,0
GroupC,1,73.3,0,0.57529,3.8384,6.2,2.47,41.7,Newton,0.507,17.4,8,8.337,307,0
GroupC,1,70.4,0,0.33147,3.6519,6.2,3.95,48.3,Newton,0.507,17.4,8,8.247,307,0
GroupC,1,66.5,1,0.44791,3.6519,6.2,8.05,29,Newton,0.507,17.4,8,6.726,307,0
GroupC,1,61.5,0,0.33045,3.6519,6.2,10.88,24,Newton,0.507,17.4,8,6.086,307,0
GroupC,1,76.5,1,0.52058,4.148,6.2,9.54,25.1,Newton,0.507,17.4,8,6.631,307,0
GroupC,1,71.6,0,0.51183,4.148,6.2,4.73,31.5,Newton,0.507,17.4,8,7.358,307,0
GroupB,1,18.5,0,0.08244,6.1899,4.93,6.36,23.7,Natick,0.428,16.6,6,6.481,300,30
GroupB,1,42.2,0,0.09252,6.1899,4.93,7.37,23.3,Natick,0.428,16.6,6,6.606,300,30
GroupB,1,54.3,0,0.11329,6.3361,4.93,11.38,27,Natick,0.428,16.6,6,6.897,300,30
GroupB,1,65.1,0,0.10612,6.3361,4.93,12.4,20.1,Natick,0.428,16.6,6,6.095,300,30
GroupB,1,52.9,0,0.1029,7.0355,4.93,11.22,22.2,Natick,0.428,16.6,6,6.358,300,30
GroupB,1,7.8,0,0.12757,7.0355,4.93,5.19,23.7,Natick,0.428,16.6,6,6.393,300,30
GroupB,1,76.5,0,0.20608,7.9549,5.86,12.5,17.6,Framingham,0.431,19.1,7,5.593,330,22
GroupB,1,70.2,0,0.19133,7.9549,5.86,18.46,18.5,Framingham,0.431,19.1,7,5.605,330,22
GroupB,1,34.9,0,0.33983,8.0555,5.86,9.16,24.3,Framingham,0.431,19.1,7,6.108,330,22
GroupB,1,79.2,0,0.19657,8.0555,5.86,10.15,20.5,Framingham,0.431,19.1,7,6.226,330,22
GroupB,1,49.1,0,0.16439,7.8265,5.86,9.52,24.5,Framingham,0.431,19.1,7,6.433,330,22
GroupB,1,17.5,0,0.19073,7.8265,5.86,6.56,26.2,Framingham,0.431,19.1,7,6.718,330,22
GroupB,1,13,0,0.1403,7.3967,5.86,5.9,24.4,Framingham,0.431,19.1,7,6.487,330,22
GroupB,1,8.9,0,0.21409,7.3967,5.86,3.59,24.8,Framingham,0.431,19.1,7,6.438,330,22
GroupB,1,6.8,0,0.08221,8.9067,5.86,3.53,29.6,Framingham,0.431,19.1,7,6.957,330,22
GroupB,1,8.4,0,0.36894,8.9067,5.86,3.54,42.8,Framingham,0.431,19.1,7,8.259,330,22
GroupA,1,32,0,0.04819,9.2203,3.64,6.57,21.9,Ashland,0.392,16.4,1,6.108,315,80
GroupA,1,19.1,0,0.03548,9.2203,3.64,9.25,20.9,Ashland,0.392,16.4,1,5.876,315,80
GroupG,1,34.2,0,0.01538,6.3361,3.75,3.11,44,Sherborn,0.394,15.9,3,7.454,244,90
GroupC,1,86.9,0,0.61154,1.801,3.97,5.12,50,Brookline,0.647,13,5,8.704,264,20
GroupC,1,100,0,0.66351,1.8946,3.97,7.79,36,Brookline,0.647,13,5,7.333,264,20
GroupC,1,100,0,0.65665,2.0107,3.97,6.9,30.1,Brookline,0.647,13,5,6.842,264,20
GroupC,1,81.8,0,0.54011,2.1121,3.97,9.59,33.8,Brookline,0.647,13,5,7.203,264,20
GroupC,1,89.4,0,0.53412,2.1398,3.97,7.26,43.1,Brookline,0.647,13,5,7.52,264,20
GroupC,1,91.5,0,0.52014,2.2885,3.97,5.91,48.8,Brookline,0.647,13,5,8.398,264,20
GroupC,1,94.5,0,0.82526,2.0788,3.97,11.25,31,Brookline,0.647,13,5,7.327,264,20
GroupC,1,91.6,0,0.55007,1.9301,3.97,8.1,36.5,Brookline,0.647,13,5,7.206,264,20
GroupC,1,62.8,0,0.76162,1.9865,3.97,10.45,22.8,Brookline,0.647,13,5,5.56,264,20
GroupC,1,84.6,0,0.7857,2.1329,3.97,14.79,30.7,Brookline,0.647,13,5,7.014,264,20
GroupC,1,67,0,0.57834,2.4216,3.97,7.44,50,Brookline,0.575,13,5,8.297,264,20
GroupC,1,52.6,0,0.5405,2.872,3.97,3.16,43.5,Brookline,0.575,13,5,7.47,264,20
GroupB,1,61.5,1,0.09065,3.9175,6.96,13.65,20.7,Dedham,0.464,18.6,3,5.92,223,20
GroupB,1,42.1,0,0.29916,4.429,6.96,13,21.1,Dedham,0.464,18.6,3,5.856,223,20
GroupB,1,16.3,0,0.16211,4.429,6.96,6.59,25.2,Dedham,0.464,18.6,3,6.24,223,20
GroupB,1,58.7,0,0.1146,3.9175,6.96,7.73,24.4,Dedham,0.464,18.6,3,6.538,223,20
GroupB,1,51.8,1,0.22188,4.3665,6.96,6.58,35.2,Dedham,0.464,18.6,3,7.691,223,20
GroupC,1,32.9,1,0.05644,4.0776,6.41,3.53,32.4,Needham,0.447,17.6,4,6.758,254,40
GroupC,1,42.8,0,0.09604,4.2673,6.41,2.98,32,Needham,0.447,17.6,4,6.854,254,40
GroupC,1,49,1,0.10469,4.7872,6.41,6.05,33.2,Needham,0.447,17.6,4,7.267,254,40
GroupC,1,27.6,1,0.06127,4.8628,6.41,4.16,33.1,Needham,0.447,17.6,4,6.826,254,40
GroupC,1,32.1,0,0.07978,4.1403,6.41,7.19,29.1,Needham,0.447,17.6,4,6.482,254,40
GroupG,1,32.2,0,0.21038,4.1007,3.33,4.85,35.1,Wellesley,0.4429,14.9,5,6.812,216,20
GroupG,1,64.5,0,0.03578,4.6947,3.33,3.76,45.4,Wellesley,0.4429,14.9,5,7.82,216,20
GroupG,1,37.2,0,0.03705,5.2447,3.33,4.59,35.4,Wellesley,0.4429,14.9,5,6.968,216,20
GroupG,1,49.7,1,0.06129,5.2119,3.33,3.01,46,Wellesley,0.4429,14.9,5,7.645,216,20
GroupD,1,24.8,1,0.01501,5.885,1.21,3.16,50,Dover,0.401,13.6,1,7.923,198,90
GroupC,1,20.8,0,0.00906,7.3073,2.97,7.85,32.2,Medfield,0.4,15.3,1,7.088,285,90
GroupB,1,31.9,0,0.01096,7.3073,2.25,8.23,22,Millis,0.389,15.3,1,6.453,300,55
GroupA,1,31.5,0,0.01965,9.0892,1.76,12.93,20.1,Norfolk,0.385,18.2,1,6.23,241,80
GroupB,1,31.3,0,0.03871,7.3172,5.32,7.14,23.2,Walpole,0.405,16.6,6,6.209,293,52.5
GroupB,1,45.6,0,0.0459,7.3172,5.32,7.6,22.3,Walpole,0.405,16.6,6,6.315,293,52.5
GroupB,1,22.9,0,0.04297,7.3172,5.32,9.51,24.8,Walpole,0.405,16.6,6,6.565,293,52.5
GroupC,1,27.9,0,0.03502,5.1167,4.95,3.33,28.5,Westwood,0.411,19.2,4,6.861,245,80
GroupC,1,27.7,0,0.07886,5.1167,4.95,3.56,37.3,Westwood,0.411,19.2,4,7.148,245,80
GroupC,1,23.4,0,0.03615,5.1167,4.95,4.7,27.9,Westwood,0.411,19.2,4,6.63,245,80
GroupB,1,18.4,0,0.08265,5.5027,13.92,8.58,23.9,Norwood,0.437,16,4,6.127,289,0
GroupB,1,42.3,0,0.08199,5.5027,13.92,10.4,21.7,Norwood,0.437,16,4,6.009,289,0
GroupB,1,31.1,0,0.12932,5.9604,13.92,6.27,28.6,Norwood,0.437,16,4,6.678,289,0
GroupB,1,51,0,0.05372,5.9604,13.92,7.39,27.1,Norwood,0.437,16,4,6.549,289,0
GroupB,1,58,0,0.14103,6.32,13.92,15.84,20.3,Norwood,0.437,16,4,5.79,289,0
GroupB,1,20.1,0,0.06466,7.8278,2.24,4.97,22.5,Sharon,0.4,14.8,5,6.345,358,70
GroupB,1,10,0,0.05561,7.8278,2.24,4.74,29,Sharon,0.4,14.8,5,7.041,358,70
GroupB,1,47.4,0,0.04417,7.8278,2.24,6.07,24.8,Sharon,0.4,14.8,5,6.871,358,70
GroupC,1,40.4,0,0.03537,5.4917,6.09,9.5,22,Canton,0.433,16.1,7,6.59,329,34
GroupC,1,18.4,0,0.09266,5.4917,6.09,8.67,26.4,Canton,0.433,16.1,7,6.495,329,34
GroupC,1,17.7,0,0.1,5.4917,6.09,4.86,33.1,Canton,0.433,16.1,7,6.982,329,34
GroupC,1,41.1,0,0.05515,4.022,2.18,6.93,36.1,Milton,0.472,18.4,7,7.236,222,33
GroupC,1,58.1,0,0.05479,3.37,2.18,8.93,28.4,Milton,0.472,18.4,7,6.616,222,33
GroupC,1,71.9,0,0.07503,3.0992,2.18,6.47,33.4,Milton,0.472,18.4,7,7.42,222,33
GroupC,1,70.3,0,0.04932,3.1827,2.18,7.53,28.2,Milton,0.472,18.4,7,6.849,222,33
GroupA,1,82.5,0,0.49298,3.3175,9.9,4.54,22.8,Quincy,0.544,18.4,4,6.635,304,0
GroupA,1,76.7,0,0.3494,3.1025,9.9,9.97,20.3,Quincy,0.544,18.4,4,5.972,304,0
GroupA,1,37.8,0,2.63548,2.5194,9.9,12.64,16.1,Quincy,0.544,18.4,4,4.973,304,0
GroupA,1,52.8,0,0.79041,2.6403,9.9,5.98,22.1,Quincy,0.544,18.4,4,6.122,304,0
GroupA,1,90.4,0,0.26169,2.834,9.9,11.72,19.4,Quincy,0.544,18.4,4,6.023,304,0
GroupA,1,82.8,0,0.26938,3.2628,9.9,7.9,21.6,Quincy,0.544,18.4,4,6.266,304,0
GroupA,1,87.3,0,0.3692,3.6023,9.9,9.28,23.8,Quincy,0.544,18.4,4,6.567,304,0
GroupA,1,77.7,0,0.25356,3.945,9.9,11.5,16.2,Quincy,0.544,18.4,4,5.705,304,0
GroupA,1,83.2,0,0.31827,3.9986,9.9,18.33,17.8,Quincy,0.544,18.4,4,5.914,304,0
GroupA,1,71.7,0,0.24522,4.0317,9.9,15.94,19.8,Quincy,0.544,18.4,4,5.782,304,0
GroupA,1,67.2,0,0.40202,3.5325,9.9,10.36,23.1,Quincy,0.544,18.4,4,6.382,304,0
GroupA,1,58.8,0,0.47547,4.0019,9.9,12.73,21,Quincy,0.544,18.4,4,6.113,304,0
GroupB,1,52.3,0,0.1676,4.5404,7.38,7.2,23.8,Braintree,0.493,19.6,5,6.426,287,0
GroupB,1,54.3,0,0.18159,4.5404,7.38,6.87,23.1,Braintree,0.493,19.6,5,6.376,287,0
GroupB,1,49.9,0,0.35114,4.7211,7.38,7.7,20.4,Braintree,0.493,19.6,5,6.041,287,0
GroupB,1,74.3,0,0.28392,4.7211,7.38,11.74,18.5,Braintree,0.493,19.6,5,5.708,287,0
GroupB,1,40.1,0,0.34109,4.7211,7.38,6.12,25,Braintree,0.493,19.6,5,6.415,287,0
GroupB,1,14.7,0,0.19186,5.4159,7.38,5.08,24.6,Braintree,0.493,19.6,5,6.431,287,0
GroupB,1,28.9,0,0.30347,5.4159,7.38,6.15,23,Braintree,0.493,19.6,5,6.312,287,0
GroupB,1,43.7,0,0.24103,5.4159,7.38,12.79,22.2,Braintree,0.493,19.6,5,6.083,287,0
GroupA,1,25.8,0,0.06617,5.2146,3.24,9.97,19.3,Randolph,0.46,16.9,4,5.868,430,0
GroupA,1,17.2,0,0.06724,5.2146,3.24,7.34,22.6,Randolph,0.46,16.9,4,6.333,430,0
GroupA,1,32.2,0,0.04544,5.8736,3.24,9.09,19.8,Randolph,0.46,16.9,4,6.144,430,0
GroupE,1,28.4,0,0.05023,6.6407,6.06,12.43,17.1,Holbrook,0.4379,16.9,1,5.706,304,35
GroupE,1,23.3,0,0.03466,6.6407,6.06,7.83,19.4,Holbrook,0.4379,16.9,1,6.031,304,35
GroupA,1,38.1,0,0.05083,6.4584,5.19,5.68,22.2,Weymouth,0.515,20.2,5,6.316,224,0
GroupA,1,38.5,0,0.03738,6.4584,5.19,6.75,20.7,Weymouth,0.515,20.2,5,6.31,224,0
GroupA,1,34.5,0,0.03961,5.9853,5.19,8.01,21.1,Weymouth,0.515,20.2,5,6.037,224,0
GroupA,1,46.3,0,0.03427,5.2311,5.19,9.8,19.5,Weymouth,0.515,20.2,5,5.869,224,0
GroupA,1,59.6,0,0.03041,5.615,5.19,10.56,18.5,Weymouth,0.515,20.2,5,5.895,224,0
GroupA,1,37.3,0,0.03306,4.8122,5.19,8.51,20.6,Weymouth,0.515,20.2,5,6.059,224,0
GroupA,1,45.4,0,0.05497,4.8122,5.19,9.74,19,Weymouth,0.515,20.2,5,5.985,224,0
GroupA,1,58.5,0,0.06151,4.8122,5.19,9.29,18.7,Weymouth,0.515,20.2,5,5.968,224,0
GroupC,1,49.3,0,0.01301,7.0379,1.52,5.49,32.7,Cohasset,0.442,15.5,1,7.241,284,35
GroupE,1,59.7,0,0.02498,6.2669,1.89,8.65,16.5,Hull,0.518,15.9,1,6.54,422,0
GroupC,1,56.4,0,0.02543,5.7321,3.78,7.18,23.9,Hingham,0.484,17.6,5,6.696,370,55
GroupC,1,28.1,0,0.03049,6.4654,3.78,4.61,31.2,Hingham,0.484,17.6,5,6.874,370,55
GroupE,1,48.5,0,0.03113,8.0136,4.39,10.53,17.5,Rockland,0.442,18.8,3,6.014,352,0
GroupE,1,52.3,0,0.06162,8.0136,4.39,12.67,17.2,Rockland,0.442,18.8,3,5.898,352,0
GroupB,1,27.7,0,0.0187,8.5353,4.15,6.36,23.1,Hanover,0.429,17.9,4,6.516,351,85
GroupB,1,29.7,0,0.01501,8.344,2.01,5.99,24.5,Norwell,0.435,17,4,6.635,280,80
GroupB,1,34.5,0,0.02899,8.7921,1.25,5.89,26.6,Scituate,0.429,19.7,1,6.939,335,40
GroupB,1,44.4,0,0.06211,8.7921,1.25,5.98,22.9,Scituate,0.429,19.7,1,6.49,335,40
GroupA,1,35.9,0,0.0795,10.7103,1.69,5.49,24.1,Marshfield,0.411,18.3,4,6.579,411,60
GroupA,1,18.5,0,0.07244,10.7103,1.69,7.79,18.6,Marshfield,0.411,18.3,4,5.884,411,60
GroupC,1,36.1,0,0.01709,12.1265,2.02,4.5,30.1,Duxbury,0.41,17,5,6.728,187,90
GroupE,1,21.9,0,0.04301,10.5857,1.91,8.05,18.2,Pembroke,0.413,22,4,5.663,334,80
GroupE,1,19.5,0,0.10659,10.5857,1.91,5.57,20.6,Pembroke,0.413,22,4,5.936,334,80
GroupA,1,97.4,1,8.98296,2.1222,18.1,17.6,17.8,Allston-Brighton,0.77,20.2,24,6.212,666,0
GroupA,1,91,1,3.8497,2.5052,18.1,13.27,21.7,Allston-Brighton,0.77,20.2,24,6.395,666,0
GroupA,1,83.4,1,5.20177,2.7227,18.1,11.48,22.7,Allston-Brighton,0.77,20.2,24,6.127,666,0
GroupA,1,81.3,0,4.26131,2.5091,18.1,12.67,22.6,Allston-Brighton,0.77,20.2,24,6.112,666,0
GroupA,1,88,0,4.54192,2.5182,18.1,7.79,25,Allston-Brighton,0.77,20.2,24,6.398,666,0
GroupA,1,91.1,0,3.83684,2.2955,18.1,14.19,19.9,Allston-Brighton,0.77,20.2,24,6.251,666,0
GroupA,1,96.2,0,3.67822,2.1036,18.1,10.19,20.8,Allston-Brighton,0.77,20.2,24,5.362,666,0
GroupA,1,89,1,4.22239,1.9047,18.1,14.64,16.8,Allston-Brighton,0.77,20.2,24,5.803,666,0
GroupC,1,82.9,1,3.47428,1.9047,18.1,5.29,21.9,Back_Bay,0.718,20.2,24,8.78,666,0
GroupC,1,87.9,0,4.55587,1.6132,18.1,7.12,27.5,Back_Bay,0.718,20.2,24,3.561,666,0
GroupC,1,91.4,0,3.69695,1.7523,18.1,14,21.9,Back_Bay,0.718,20.2,24,4.963,666,0
GroupC,1,100,0,13.5222,1.5106,18.1,13.33,23.1,Back_Bay,0.631,20.2,24,3.863,666,0
GroupC,1,100,0,4.89822,1.3325,18.1,3.26,50,Back_Bay,0.631,20.2,24,4.97,666,0
GroupC,1,96.8,1,5.66998,1.3567,18.1,3.73,50,Back_Bay,0.631,20.2,24,6.683,666,0
GroupD,1,97.5,1,6.53876,1.2024,18.1,2.96,50,Beacon_Hill,0.631,20.2,24,7.016,666,0
GroupD,1,100,0,9.2323,1.1691,18.1,9.53,50,Beacon_Hill,0.631,20.2,24,6.216,666,0
GroupD,1,89.6,1,8.26725,1.1296,18.1,8.88,50,Beacon_Hill,0.668,20.2,24,5.875,666,0
GroupF,1,100,0,11.1081,1.1742,18.1,34.77,13.8,North_End,0.668,20.2,24,4.906,666,0
GroupF,1,100,0,18.4982,1.137,18.1,37.97,13.8,North_End,0.668,20.2,24,4.138,666,0
GroupF,1,97.9,0,19.6091,1.3163,18.1,13.44,15,Charlestown,0.671,20.2,24,7.313,666,0
GroupF,1,93.3,0,15.288,1.3449,18.1,23.24,13.9,Charlestown,0.671,20.2,24,6.649,666,0
GroupF,1,98.8,0,9.82349,1.358,18.1,21.24,13.3,Charlestown,0.671,20.2,24,6.794,666,0
GroupF,1,96.2,0,23.6482,1.3861,18.1,23.69,13.1,Charlestown,0.671,20.2,24,6.38,666,0
GroupF,1,100,0,17.8667,1.3861,18.1,21.78,10.2,Charlestown,0.671,20.2,24,6.223,666,0
GroupF,1,91.9,0,88.9762,1.4165,18.1,17.21,10.4,Charlestown,0.671,20.2,24,6.968,666,0
GroupF,1,99.1,0,15.8744,1.5192,18.1,21.08,10.9,Charlestown,0.671,20.2,24,6.545,666,0
GroupF,1,100,0,9.18702,1.5804,18.1,23.6,11.3,East_Boston,0.7,20.2,24,5.536,666,0
GroupF,1,100,0,7.99248,1.5331,18.1,24.56,12.3,East_Boston,0.7,20.2,24,5.52,666,0
GroupF,1,91.2,0,20.0849,1.4395,18.1,30.63,8.8,East_Boston,0.7,20.2,24,4.368,666,0
GroupF,1,98.1,0,16.8118,1.4261,18.1,30.81,7.2,East_Boston,0.7,20.2,24,5.277,666,0
GroupF,1,100,0,24.3938,1.4672,18.1,28.28,10.5,East_Boston,0.7,20.2,24,4.652,666,0
GroupF,1,89.5,0,22.5971,1.5184,18.1,31.99,7.4,East_Boston,0.7,20.2,24,5,666,0
GroupF,1,100,0,14.3337,1.5895,18.1,30.62,10.2,East_Boston,0.7,20.2,24,4.88,666,0
GroupF,1,98.9,0,8.15174,1.7281,18.1,20.85,11.5,East_Boston,0.7,20.2,24,5.39,666,0
GroupF,1,97,0,6.96215,1.9265,18.1,17.11,15.1,East_Boston,0.7,20.2,24,5.713,666,0
GroupF,1,82.5,0,5.29305,2.1678,18.1,18.76,23.2,East_Boston,0.7,20.2,24,6.051,666,0
GroupF,1,97,0,11.5779,1.77,18.1,25.68,9.7,East_Boston,0.7,20.2,24,5.036,666,0
GroupF,1,92.6,0,8.64476,1.7912,18.1,15.17,13.8,South_Boston,0.693,20.2,24,6.193,666,0
GroupF,1,94.7,0,13.3598,1.7821,18.1,16.35,12.7,South_Boston,0.693,20.2,24,5.887,666,0
GroupF,1,98.8,0,8.71675,1.7257,18.1,17.12,13.1,South_Boston,0.693,20.2,24,6.471,666,0
GroupF,1,96,0,5.87205,1.6768,18.1,19.37,12.5,South_Boston,0.693,20.2,24,6.405,666,0
GroupF,1,98.9,0,7.67202,1.6334,18.1,19.92,8.5,South_Boston,0.693,20.2,24,5.747,666,0
GroupF,1,100,0,38.3518,1.4896,18.1,30.59,5,South_Boston,0.693,20.2,24,5.453,666,0
GroupF,1,77.8,0,9.91655,1.5004,18.1,29.97,6.3,South_Boston,0.693,20.2,24,5.852,666,0
GroupF,1,100,0,25.0461,1.5888,18.1,26.77,5.6,South_Boston,0.693,20.2,24,5.987,666,0
GroupF,1,100,0,14.2362,1.5741,18.1,20.32,7.2,South_Boston,0.693,20.2,24,6.343,666,0
GroupF,1,100,0,9.59571,1.639,18.1,20.31,12.1,South_Boston,0.693,20.2,24,6.404,666,0
GroupF,1,96,0,24.8017,1.7028,18.1,19.77,8.3,South_Boston,0.693,20.2,24,5.349,666,0
GroupF,1,85.4,0,41.5292,1.6074,18.1,27.38,8.5,South_Boston,0.693,20.2,24,5.531,666,0
GroupF,1,100,0,67.9208,1.4254,18.1,22.98,5,South_Boston,0.693,20.2,24,5.683,666,0
GroupE,1,100,0,20.7162,1.1781,18.1,23.34,11.9,Downtown,0.659,20.2,24,4.138,666,0
GroupE,1,100,0,11.9511,1.2852,18.1,12.13,27.9,Downtown,0.659,20.2,24,5.608,666,0
GroupE,1,97.9,0,7.40389,1.4547,18.1,26.4,17.2,Downtown,0.597,20.2,24,5.617,666,0
GroupE,1,100,0,14.4383,1.4655,18.1,19.78,27.5,Downtown,0.597,20.2,24,6.852,666,0
GroupE,1,100,0,51.1358,1.413,18.1,10.11,15,Downtown,0.597,20.2,24,5.757,666,0
GroupE,1,100,0,14.0507,1.5275,18.1,21.22,17.2,Downtown,0.597,20.2,24,6.657,666,0
GroupE,1,100,0,18.811,1.5539,18.1,34.37,17.9,Downtown,0.597,20.2,24,4.628,666,0
GroupE,1,100,0,28.6558,1.5894,18.1,20.08,16.3,Downtown,0.597,20.2,24,5.155,666,0
GroupF,1,100,0,45.7461,1.6582,18.1,36.98,7,Roxbury,0.693,20.2,24,4.519,666,0
GroupF,1,100,0,18.0846,1.8347,18.1,29.05,7.2,Roxbury,0.679,20.2,24,6.434,666,0
GroupF,1,90.8,0,10.8342,1.8195,18.1,25.79,7.5,Roxbury,0.679,20.2,24,6.782,666,0
GroupF,1,89.1,0,25.9406,1.6475,18.1,26.64,10.4,Roxbury,0.679,20.2,24,5.304,666,0
GroupF,1,100,0,73.5341,1.8026,18.1,20.62,8.8,Roxbury,0.679,20.2,24,5.957,666,0
GroupF,1,76.5,0,11.8123,1.794,18.1,22.74,8.4,Roxbury,0.718,20.2,24,6.824,666,0
GroupF,1,100,0,11.0874,1.8589,18.1,15.02,16.7,Roxbury,0.718,20.2,24,6.411,666,0
GroupF,1,95.3,0,7.02259,1.8746,18.1,15.7,14.2,Roxbury,0.718,20.2,24,6.006,666,0
GroupF,1,87.6,0,12.0482,1.9512,18.1,14.1,20.8,Roxbury,0.614,20.2,24,5.648,666,0
GroupF,1,85.1,0,7.05042,2.0218,18.1,23.29,13.4,Roxbury,0.614,20.2,24,6.103,666,0
GroupF,1,70.6,0,8.79212,2.0635,18.1,17.16,11.7,Roxbury,0.584,20.2,24,5.565,666,0
GroupF,1,95.4,0,15.8603,1.9096,18.1,24.39,8.3,Roxbury,0.679,20.2,24,5.896,666,0
GroupF,1,59.7,0,12.2472,1.9976,18.1,15.69,10.2,Roxbury,0.584,20.2,24,5.837,666,0
GroupF,1,78.7,0,37.6619,1.8629,18.1,14.52,10.9,Roxbury,0.679,20.2,24,6.202,666,0
GroupF,1,78.1,0,7.36711,1.9356,18.1,21.52,11,Roxbury,0.679,20.2,24,6.193,666,0
GroupF,1,95.6,0,9.33889,1.9682,18.1,24.08,9.5,Roxbury,0.679,20.2,24,6.38,666,0
GroupF,1,86.1,0,8.49213,2.0527,18.1,17.64,14.5,Roxbury,0.584,20.2,24,6.348,666,0
GroupF,1,94.3,0,10.0623,2.0882,18.1,19.69,14.1,Roxbury,0.584,20.2,24,6.833,666,0
GroupF,1,74.8,0,6.44405,2.2004,18.1,12.03,16.1,Roxbury,0.584,20.2,24,6.425,666,0
GroupF,1,87.9,0,5.58107,2.3158,18.1,16.22,14.3,Savin_Hill,0.713,20.2,24,6.436,666,0
GroupF,1,95,0,13.9134,2.2222,18.1,15.17,11.7,Savin_Hill,0.713,20.2,24,6.208,666,0
GroupF,1,94.6,0,11.1604,2.1247,18.1,23.27,13.4,Savin_Hill,0.74,20.2,24,6.629,666,0
GroupF,1,93.3,0,14.4208,2.0026,18.1,18.05,9.6,Savin_Hill,0.74,20.2,24,6.461,666,0
GroupF,1,100,0,15.1772,1.9142,18.1,26.45,8.2,Savin_Hill,0.74,20.2,24,6.152,666,0
GroupF,1,87.9,0,13.6781,1.8206,18.1,34.02,8.4,Savin_Hill,0.74,20.2,24,5.935,666,0
GroupF,1,93.9,0,9.39063,1.8172,18.1,22.88,12.8,Savin_Hill,0.74,20.2,24,5.627,666,0
GroupF,1,92.4,0,22.0511,1.8662,18.1,22.11,10.5,Savin_Hill,0.74,20.2,24,5.818,666,0
GroupF,1,97.2,0,9.72418,2.0651,18.1,19.52,17.1,Savin_Hill,0.74,20.2,24,6.406,666,0
GroupF,1,100,0,5.66637,2.0048,18.1,16.59,14.8,Savin_Hill,0.74,20.2,24,6.219,666,0
GroupF,1,100,0,9.96654,1.9784,18.1,18.85,15.4,Savin_Hill,0.74,20.2,24,6.485,666,0
GroupF,1,96.6,0,12.8023,1.8956,18.1,23.79,10.8,Savin_Hill,0.74,20.2,24,5.854,666,0
GroupF,1,94.8,0,10.6718,1.9879,18.1,23.98,11.8,Savin_Hill,0.74,20.2,24,6.459,666,0
GroupF,1,96.4,0,6.28807,2.072,18.1,17.79,14.9,Savin_Hill,0.74,20.2,24,6.341,666,0
GroupF,1,96.6,0,9.92485,2.198,18.1,16.44,12.6,Savin_Hill,0.74,20.2,24,6.251,666,0
GroupF,1,98.7,0,9.32909,2.2616,18.1,18.13,14.1,Savin_Hill,0.713,20.2,24,6.185,666,0
GroupF,1,98.3,0,7.52601,2.185,18.1,19.31,13,Savin_Hill,0.713,20.2,24,6.417,666,0
GroupF,1,92.6,0,6.71772,2.3236,18.1,17.44,13.4,Savin_Hill,0.713,20.2,24,6.749,666,0
GroupF,1,98.2,0,5.44114,2.3552,18.1,17.73,15.2,Savin_Hill,0.713,20.2,24,6.655,666,0
GroupF,1,91.8,0,5.09017,2.3682,18.1,17.27,16.1,Savin_Hill,0.713,20.2,24,6.297,666,0
GroupF,1,99.3,0,8.24809,2.4527,18.1,16.74,17.8,Savin_Hill,0.713,20.2,24,7.393,666,0
GroupF,1,94.1,0,9.51363,2.4961,18.1,18.71,14.4,Savin_Hill,0.713,20.2,24,6.728,666,0
GroupF,1,86.5,0,4.75237,2.4358,18.1,18.13,14.1,Savin_Hill,0.713,20.2,24,6.525,666,0
GroupE,1,87.9,0,4.66883,2.5806,18.1,19.01,12.7,Dorchester,0.713,20.2,24,5.976,666,0
GroupE,1,80.3,0,8.20058,2.7792,18.1,16.94,13.5,Dorchester,0.713,20.2,24,5.936,666,0
GroupE,1,83.7,0,7.75223,2.7831,18.1,16.23,14.9,Dorchester,0.713,20.2,24,6.301,666,0
GroupE,1,84.4,0,6.80117,2.7175,18.1,14.7,20,Dorchester,0.713,20.2,24,6.081,666,0
GroupE,1,90,0,4.81213,2.5975,18.1,16.42,16.4,Dorchester,0.713,20.2,24,6.701,666,0
GroupE,1,88.4,0,3.69311,2.5671,18.1,14.65,17.7,Dorchester,0.713,20.2,24,6.376,666,0
GroupE,1,83,0,6.65492,2.7344,18.1,13.99,19.5,Dorchester,0.713,20.2,24,6.317,666,0
GroupE,1,89.9,0,5.82115,2.8016,18.1,10.29,20.2,Dorchester,0.713,20.2,24,6.513,666,0
GroupE,1,65.4,0,7.83932,2.9634,18.1,13.22,21.4,Dorchester,0.655,20.2,24,6.209,666,0
GroupE,1,48.2,0,3.1636,3.0665,18.1,14.13,19.9,Dorchester,0.655,20.2,24,5.759,666,0
GroupE,1,84.7,0,3.77498,2.8715,18.1,17.15,19,Dorchester,0.655,20.2,24,5.952,666,0
GroupA,1,94.5,0,4.42228,2.5403,18.1,21.32,19.1,Mattapan,0.584,20.2,24,6.003,666,0
GroupA,1,71,0,15.5757,2.9084,18.1,18.13,19.1,Mattapan,0.58,20.2,24,5.926,666,0
GroupA,1,56.7,0,13.0751,2.8237,18.1,14.76,20.1,Mattapan,0.58,20.2,24,5.713,666,0
GroupA,1,84,0,4.34879,3.0334,18.1,16.29,19.9,Mattapan,0.58,20.2,24,6.167,666,0
GroupA,1,90.7,0,4.03841,3.0993,18.1,12.87,19.6,Mattapan,0.532,20.2,24,6.229,666,0
GroupA,1,75,0,3.56868,2.8965,18.1,14.36,23.2,Mattapan,0.58,20.2,24,6.437,666,0
GroupE,1,67.6,0,4.64689,2.5329,18.1,11.66,29.8,Forest_Hills,0.614,20.2,24,6.98,666,0
GroupE,1,95.4,0,8.05579,2.4298,18.1,18.14,13.8,Forest_Hills,0.584,20.2,24,5.427,666,0
GroupE,1,97.4,0,6.39312,2.206,18.1,24.1,13.3,Forest_Hills,0.584,20.2,24,6.162,666,0
GroupE,1,93.6,0,4.87141,2.3053,18.1,18.68,16.7,Forest_Hills,0.614,20.2,24,6.484,666,0
GroupE,1,97.3,0,15.0234,2.1007,18.1,24.91,12,Forest_Hills,0.614,20.2,24,5.304,666,0
GroupE,1,96.7,0,10.233,2.1705,18.1,18.03,14.6,Forest_Hills,0.614,20.2,24,6.185,666,0
GroupE,1,88,0,14.3337,1.9512,18.1,13.11,21.4,Forest_Hills,0.614,20.2,24,6.229,666,0
GroupB,1,64.7,0,5.82401,3.4242,18.1,10.74,23,West_Roxbury,0.532,20.2,24,6.242,666,0
GroupB,1,74.9,0,5.70818,3.3317,18.1,7.74,23.7,West_Roxbury,0.532,20.2,24,6.75,666,0
GroupB,1,77,0,5.73116,3.4106,18.1,7.01,25,West_Roxbury,0.532,20.2,24,7.061,666,0
GroupB,1,40.3,0,2.81838,4.0983,18.1,10.42,21.8,West_Roxbury,0.532,20.2,24,5.762,666,0
GroupA,1,41.9,0,2.37857,3.724,18.1,13.34,20.6,Hyde_Park,0.583,20.2,24,5.871,666,0
GroupA,1,51.9,0,3.67367,3.9917,18.1,10.58,21.2,Hyde_Park,0.583,20.2,24,6.312,666,0
GroupA,1,79.8,0,5.69175,3.5459,18.1,14.98,19.1,Hyde_Park,0.583,20.2,24,6.114,666,0
GroupA,1,53.2,0,4.83567,3.1523,18.1,11.45,20.6,Hyde_Park,0.583,20.2,24,5.905,666,0
GroupF,1,92.7,0,0.15086,1.8209,27.74,18.06,15.2,Chelsea,0.609,20.1,4,5.454,711,0
GroupF,1,98.3,0,0.18337,1.7554,27.74,23.97,7,Chelsea,0.609,20.1,4,5.414,711,0
GroupF,1,98,0,0.20746,1.8226,27.74,29.68,8.1,Chelsea,0.609,20.1,4,5.093,711,0
GroupF,1,98.8,0,0.10574,1.8681,27.74,18.07,13.6,Chelsea,0.609,20.1,4,5.983,711,0
GroupF,1,83.5,0,0.11132,2.1099,27.74,13.35,20.1,Chelsea,0.609,20.1,4,5.983,711,0
GroupA,1,54,0,0.17331,2.3817,9.69,12.01,21.8,Revere,0.585,19.2,6,5.707,391,0
GroupA,1,42.6,0,0.27957,2.3817,9.69,13.59,24.5,Revere,0.585,19.2,6,5.926,391,0
GroupA,1,28.8,0,0.17899,2.7986,9.69,17.6,23.1,Revere,0.585,19.2,6,5.67,391,0
GroupA,1,72.9,0,0.2896,2.7986,9.69,21.14,19.7,Revere,0.585,19.2,6,5.39,391,0
GroupA,1,70.6,0,0.26838,2.8927,9.69,14.1,18.3,Revere,0.585,19.2,6,5.794,391,0
GroupA,1,65.3,0,0.23912,2.4091,9.69,12.92,21.2,Revere,0.585,19.2,6,6.019,391,0
GroupA,1,73.5,0,0.17783,2.3999,9.69,15.1,17.5,Revere,0.585,19.2,6,5.569,391,0
GroupA,1,79.7,0,0.22438,2.4982,9.69,14.33,16.8,Revere,0.585,19.2,6,6.027,391,0
GroupB,1,69.1,0,0.06263,2.4786,11.93,9.67,22.4,Winthrop,0.573,21,1,6.593,273,0
GroupB,1,76.7,0,0.04527,2.2875,11.93,9.08,20.6,Winthrop,0.573,21,1,6.12,273,0
GroupB,1,91,0,0.06076,2.1675,11.93,5.64,23.9,Winthrop,0.573,21,1,6.976,273,0
GroupB,1,89.3,0,0.10959,2.3889,11.93,6.48,22,Winthrop,0.573,21,1,6.794,273,0
GroupB,1,80.8,0,0.04741,2.505,11.93,7.88,19,Winthrop,0.573,21,1,6.03,273,0
